Model,Accuracy,Precision,Recall,F1 Score,ROC AUC,Log Loss,Best CV F1
Logistic Regression,0.9557338086749851,0.9523809523809523,0.9575757575757575,0.9549712904200665,0.9930416048597867,0.10822431868786984,0.9535679054801676
Gradient Boosting,0.9557338086749851,0.9523809523809523,0.9575757575757575,0.9549712904200665,0.9923899837536202,0.11771304160748015,0.9530014266449299
Bagging,0.9539512774806892,0.948948948948949,0.9575757575757575,0.9532428355957768,0.9919119516846788,0.1880124071886949,0.953372598235554
Random Forest,0.9521687462863934,0.945008965929468,0.9581818181818181,0.9515498043936202,0.9916677262131807,0.12490758626137952,0.9528253817219395
Decision Tree,0.9402852049910874,0.9239321240491516,0.9569696969696969,0.9401607621315867,0.9770775941230486,0.17119122002848922,0.9419892517787701
Naive Bayes,0.9349376114081996,0.9266547406082289,0.9418181818181818,0.9341749323715058,0.9838793529702622,0.16166052242817333,
